date,edit_count,sentiment_mean,neg_sentiment_ratio
2018-02-05,6.966666666666667,-0.42805370557552774,0.7163335738335738
2018-02-06,6.966666666666667,-0.48924372860040466,0.7496669071669071
2018-02-07,6.966666666666667,-0.5244809839617497,0.7663335738335738
2018-02-09,6.166666666666667,-0.5246546585237882,0.7663335738335738
2018-02-10,6.066666666666666,-0.5360078656550151,0.7721669071669072
2018-02-11,5.4,-0.509688458502608,0.7615608465608464
2018-02-12,5.366666666666666,-0.444879744112807,0.7282275132275131
2018-02-13,5.333333333333333,-0.4781114366256371,0.7448941798941798
2018-02-16,5.4,-0.48946316705178966,0.7504497354497354
2018-02-17,5.3,-0.5142098639511242,0.7629497354497354
2018-02-18,5.1,-0.4914709970567907,0.7518386243386244
2018-02-19,5.0,-0.5035171425981181,0.7577910052910053
2018-02-20,4.933333333333334,-0.5269391714840654,0.7711243386243386
2018-02-21,4.766666666666667,-0.5059032121608181,0.7592195767195767
2018-02-22,4.6,-0.4943443293514706,0.7522751322751323
2018-02-23,4.366666666666666,-0.5049374224553033,0.7578306878306879
2018-02-24,4.366666666666666,-0.5055474044690057,0.7578306878306879
2018-02-27,4.7,-0.5151766233702028,0.7619973544973545
2018-03-01,4.833333333333333,-0.5112379196124575,0.760515873015873
2018-03-02,4.733333333333333,-0.47781747111055267,0.7438492063492064
2018-03-04,4.7,-0.46672560435241806,0.7216269841269841
2018-03-09,4.133333333333334,-0.4811747169664139,0.7290343915343915
2018-03-11,4.033333333333333,-0.49195137532260363,0.7348677248677249
2018-03-13,4.066666666666666,-0.4815736804433443,0.7312962962962963
2018-03-14,3.7666666666666666,-0.45953394843748324,0.7174074074074074
2018-03-16,3.8666666666666667,-0.43976600094249957,0.7090740740740741
2018-03-17,3.933333333333333,-0.4175300405119305,0.697962962962963
2018-03-18,3.8,-0.4211234985816258,0.7035185185185184
2018-03-22,3.9,-0.4552029642490325,0.7201851851851852
2018-03-23,3.8333333333333335,-0.47884297467216297,0.7312962962962963
2018-03-24,4.133333333333334,-0.46594226079130613,0.7246296296296297
2018-03-27,4.133333333333334,-0.471024935612524,0.7246296296296297
2018-03-28,3.966666666666667,-0.405539032322941,0.6912962962962964
2018-04-02,3.966666666666667,-0.40530734509505606,0.6912962962962964
2018-04-03,3.7333333333333334,-0.41510726909118667,0.6954629629629631
2018-04-04,3.7,-0.38671823740281436,0.6787962962962963
2018-04-05,3.7,-0.4518881936895626,0.7121296296296297
2018-04-08,3.933333333333333,-0.44105306342520095,0.707962962962963
2018-04-10,3.8333333333333335,-0.4284236953186768,0.7012962962962963
2018-04-13,3.7,-0.4286090896057862,0.7012962962962964
2018-04-14,3.6333333333333333,-0.45183458912979674,0.7124074074074074
2018-04-18,3.566666666666667,-0.4546320894222569,0.7207407407407407
2018-04-21,3.5,-0.4494973572288398,0.7207407407407407
2018-04-22,3.5,-0.41831528367543663,0.704074074074074
2018-04-23,3.433333333333333,-0.4399807223539661,0.7151851851851851
2018-04-24,3.5,-0.4386278922883449,0.7151851851851851
2018-04-25,3.8666666666666667,-0.4339086190390366,0.7151851851851851
2018-04-26,3.3666666666666667,-0.39095033648389355,0.6943518518518519
2018-04-27,3.2,-0.41916377161939944,0.7091666666666666
2018-04-28,3.2666666666666666,-0.485740847206778,0.7424999999999999
2018-04-29,3.2333333333333334,-0.5190614450143444,0.7758333333333333
2018-05-01,3.2333333333333334,-0.5193339634107219,0.7758333333333333
2018-05-07,3.1,-0.5316506791280375,0.7825000000000001
2018-05-08,2.8666666666666667,-0.489197171545691,0.7575000000000001
2018-05-09,2.8333333333333335,-0.5281067687438594,0.7797222222222222
2018-05-10,2.8666666666666667,-0.5480293755895561,0.7880555555555555
2018-05-14,2.933333333333333,-0.569947127484613,0.7991666666666667
2018-05-15,2.933333333333333,-0.5707061121695571,0.7991666666666667
2018-05-17,2.9,-0.5541509564552043,0.7908333333333334
2018-05-24,2.966666666666667,-0.5415433031155004,0.7841666666666666
2018-05-25,3.066666666666667,-0.5392639273086675,0.7831410256410256
2018-05-27,3.3333333333333335,-0.5389975700457382,0.7831410256410256
2018-05-28,3.3666666666666667,-0.603367943930575,0.8164743589743589
2018-05-29,3.3666666666666667,-0.6041891757328796,0.8164743589743589
2018-05-30,3.3666666666666667,-0.6045354807058462,0.8164743589743589
2018-05-31,3.7,-0.6612582254091389,0.846474358974359
2018-06-01,3.7333333333333334,-0.6612244663317489,0.846474358974359
2018-06-04,3.7666666666666666,-0.6585073690901794,0.8432336182336182
2018-06-05,3.7333333333333334,-0.6714765402963359,0.8499002849002848
2018-06-06,3.7666666666666666,-0.6711771441788076,0.8499002849002848
2018-06-09,3.8333333333333335,-0.6708894991169968,0.8499002849002848
2018-06-10,3.8,-0.6186390244256058,0.8165669515669515
2018-06-11,3.933333333333333,-0.6243341421376267,0.8165669515669515
2018-06-12,4.166666666666667,-0.681727166613113,0.8461965811965811
2018-06-13,4.766666666666667,-0.6376962977384572,0.823974358974359
2018-06-14,5.1,-0.6243105307900668,0.8162820512820512
2018-06-15,4.733333333333333,-0.6287641660058261,0.8162820512820512
2018-06-16,4.833333333333333,-0.6811918378555537,0.8412820512820512
2018-06-17,4.766666666666667,-0.6814564670804899,0.8412820512820512
2018-06-18,4.8,-0.6814597079174811,0.8412820512820512
2018-06-19,5.066666666666666,-0.6679227705482405,0.8338746438746438
2018-06-20,5.366666666666666,-0.6549304010156553,0.8272079772079771
2018-06-21,5.4,-0.6224512459520262,0.8105413105413105
2018-06-22,5.566666666666666,-0.6616518936240435,0.8327635327635328
2018-06-23,5.6,-0.6618853487919198,0.8327635327635328
2018-06-26,5.466666666666667,-0.661552292739394,0.8327635327635328
2018-06-30,5.6,-0.6392714183104683,0.8216524216524216
2018-07-01,5.8,-0.6335503496798526,0.8174857549857549
2018-07-02,5.866666666666666,-0.6497683947026051,0.8258190883190882
2018-07-03,6.066666666666666,-0.624209846430949,0.8130413105413106
2018-07-04,5.666666666666667,-0.5750787039491695,0.7874002849002849
2018-07-05,5.533333333333333,-0.5616306396219295,0.7807336182336183
2018-07-06,5.5,-0.5606309823089006,0.7807336182336183
2018-07-07,5.6,-0.5765177554779413,0.7890669515669516
2018-07-08,5.633333333333334,-0.5434963084154489,0.772400284900285
2018-07-09,5.3,-0.5533067557109557,0.7757336182336182
2018-07-10,5.4,-0.5254692521585188,0.7624002849002848
2018-07-11,5.166666666666667,-0.5384658362251571,0.7698076923076923
2018-07-12,5.133333333333334,-0.5386762869803824,0.7698076923076923
2018-07-13,5.1,-0.5269951673794506,0.7698076923076923
2018-07-14,5.2,-0.5155351151143893,0.7642521367521369
2018-07-15,5.233333333333333,-0.5483090081925576,0.7809188034188035
2018-07-16,5.133333333333334,-0.5152477946992104,0.7642521367521369
2018-07-17,5.166666666666667,-0.4967334338033471,0.7546225071225071
2018-07-18,4.966666666666667,-0.5255711166271967,0.7691524216524216
2018-07-19,4.6,-0.5335996224079547,0.7768447293447294
2018-07-20,5.133333333333334,-0.5097107974826764,0.7647235172235173
2018-07-21,6.1,-0.5011701478609009,0.7619457394457395
2018-07-22,7.966666666666667,-0.46792231745900886,0.745853785422751
2018-07-23,8.5,-0.44762735493364114,0.735853785422751
2018-07-24,8.5,-0.4529606747919096,0.7395574891264547
2018-07-25,8.233333333333333,-0.46599709215698376,0.7462241557931214
2018-07-26,8.333333333333334,-0.4870888521565769,0.7562241557931213
2018-07-27,8.2,-0.4758828858826333,0.7506686002375657
2018-07-29,8.133333333333333,-0.46629035210878716,0.7506686002375657
2018-07-30,8.466666666666667,-0.4490685463845565,0.7415776911466566
2018-08-01,8.333333333333334,-0.4452591974216314,0.7393554689244345
2018-08-02,8.1,-0.3895330450115216,0.7101888022577678
2018-08-03,8.3,-0.3783262489084679,0.7046332467022123
2018-08-04,7.966666666666667,-0.41652326314094446,0.7240776911466568
2018-08-05,8.066666666666666,-0.44805287498675567,0.7407443578133234
2018-08-06,8.3,-0.4441465110425431,0.7390776911466567
2018-08-07,8.333333333333334,-0.44600262550952813,0.7390776911466567
2018-08-12,8.233333333333333,-0.4626523848219989,0.74741102447999
2018-08-13,8.233333333333333,-0.4954222267711439,0.7640776911466567
2018-08-15,8.4,-0.48478322517649447,0.758522135591101
2018-08-16,8.366666666666667,-0.5125986213661842,0.7718554689244345
2018-08-17,8.333333333333334,-0.5131294037081412,0.7718554689244345
2018-08-18,8.266666666666667,-0.513355978182052,0.7718554689244345
2018-08-20,8.266666666666667,-0.5250783342630609,0.7718554689244345
2018-08-21,8.366666666666667,-0.5291426443015922,0.7737073207762862
2018-08-22,8.433333333333334,-0.5463009087200352,0.7820406541096196
2018-08-23,8.4,-0.5796043105875839,0.7987073207762863
2018-08-24,8.133333333333333,-0.5717008179381877,0.7953739874429531
2018-08-25,8.066666666666666,-0.5753071747818338,0.7970056890746545
2018-08-26,8.066666666666666,-0.5821383379497873,0.7970056890746545
2018-08-27,7.9,-0.5950800458311993,0.8035713456403112
2018-08-29,6.833333333333333,-0.6177489388794568,0.8146824567514223
2018-09-02,4.933333333333334,-0.6509787587445192,0.8307744107744107
2018-09-04,4.3,-0.608818751585604,0.8074410774410775
2018-09-05,4.566666666666666,-0.5862030853493707,0.7954585066349772
2018-09-06,4.866666666666666,-0.5752139052324281,0.7893979005743712
2018-09-07,4.9,-0.5753587082928538,0.7905090116854824
2018-09-08,4.9,-0.5754513120557985,0.7905090116854824
2018-09-11,4.9,-0.5196904297576468,0.7571756783521489
2018-09-12,4.7,-0.5081231006615751,0.7529332541097247
2018-09-13,4.7,-0.5079022571080319,0.7529332541097247
2018-09-14,4.7,-0.5741038088633014,0.786266587443058
2018-09-16,4.333333333333333,-0.5856924068232436,0.7918221429986135
2018-09-18,4.333333333333333,-0.5574032715261041,0.7751554763319468
2018-09-19,4.333333333333333,-0.5408560123344321,0.7668221429986135
2018-09-20,3.966666666666667,-0.5500290256043334,0.7751554763319468
2018-09-21,4.033333333333333,-0.5335552688737769,0.7668221429986135
2018-09-22,4.0,-0.5337677634060441,0.7668221429986135
2018-09-30,4.4,-0.5330931483862005,0.7668221429986135
2018-10-01,4.933333333333334,-0.5369826281076359,0.7693473955238661
2018-10-02,4.9,-0.5368057059585075,0.7693473955238661
2018-10-03,4.933333333333334,-0.5363749690193952,0.7693473955238661
2018-10-04,4.933333333333334,-0.48080912305305606,0.7360140621905328
2018-10-09,4.966666666666667,-0.47640291028609083,0.7360140621905328
2018-10-10,4.7,-0.42392438910682095,0.7063844325609031
2018-10-12,4.666666666666667,-0.43861588881028124,0.7147177658942365
2018-10-13,4.7,-0.4126909339985493,0.6980510992275698
2018-10-15,4.666666666666667,-0.44573146050783424,0.7147177658942365
2018-10-17,4.333333333333333,-0.45773996476127954,0.7207783719548426
2018-10-24,4.366666666666666,-0.43857591414247205,0.7096672608437316
2018-10-25,4.0,-0.3836899195822833,0.6818894830659536
2018-11-01,4.033333333333333,-0.3834385787161944,0.6818894830659536
2018-11-04,4.1,-0.31690520591663895,0.6485561497326203
2018-11-05,4.1,-0.37921499358741023,0.6818894830659536
2018-11-06,3.6333333333333333,-0.3853639234716414,0.6864646464646464
2018-11-09,3.3333333333333335,-0.33367081768369944,0.6591919191919191
2018-11-10,3.1666666666666665,-0.34377866242054045,0.6647474747474748
2018-11-19,3.1333333333333333,-0.3767916495971177,0.6814141414141414
2018-11-21,3.2333333333333334,-0.44210432225190543,0.7147474747474747
2018-11-23,3.1333333333333333,-0.4712682004146073,0.728080808080808
2018-11-25,3.2,-0.4900525674309909,0.7366522366522367
2018-11-26,3.2,-0.4891052628642897,0.7366522366522367
2018-11-27,3.2,-0.4799220090197106,0.7366522366522367
2018-12-01,3.1666666666666665,-0.5082490945941786,0.7533189033189033
2018-12-09,3.066666666666667,-0.5569923405931969,0.7783189033189033
2018-12-12,3.2,-0.564171560713309,0.7783189033189033
2018-12-14,3.1666666666666665,-0.5812729987256972,0.7866522366522367
2018-12-17,3.2,-0.5812008761121081,0.7866522366522367
2018-12-18,2.8,-0.5426204661425058,0.76998556998557
2018-12-24,2.1,-0.5488517613921846,0.773015873015873
2018-12-25,2.066666666666667,-0.5140464552621993,0.7563492063492063
2018-12-30,2.033333333333333,-0.4484915324430617,0.723015873015873
2019-01-01,2.2,-0.4878445200503819,0.7496825396825397
2019-01-02,2.3,-0.4659821107368621,0.7363492063492064
2019-01-03,2.433333333333333,-0.5250589234015298,0.7696825396825397
2019-01-04,2.4,-0.5259894121733922,0.7696825396825397
2019-01-07,2.3666666666666667,-0.5518800863670924,0.7863492063492064
2019-01-14,2.3666666666666667,-0.5516635943499822,0.7863492063492064
2019-01-15,2.4,-0.523449814225,0.7696825396825397
2019-01-18,2.433333333333333,-0.5430718356418232,0.7807936507936508
2019-01-19,2.433333333333333,-0.6089755668290078,0.8141269841269841
2019-01-20,2.433333333333333,-0.6092116697676598,0.8141269841269841
2019-01-27,2.4,-0.6443413798061628,0.8307936507936508
2019-01-29,2.5,-0.6277012913473069,0.8224603174603174
2019-01-30,2.466666666666667,-0.6516082885246429,0.8335714285714286
2019-02-05,2.6,-0.7133884104471359,0.866904761904762
2019-02-15,2.8,-0.676493537804437,0.8478571428571429
2019-02-19,2.8,-0.676515047133915,0.8478571428571429
2019-02-20,2.7,-0.6764890187789523,0.8478571428571429
2019-02-27,2.6666666666666665,-0.676348662754846,0.8478571428571429
2019-03-04,2.466666666666667,-0.6177757678523896,0.8192857142857143
2019-03-16,2.466666666666667,-0.6190007486040631,0.8192857142857143
2019-03-17,2.466666666666667,-0.6280418016607799,0.8192857142857143
2019-03-18,2.466666666666667,-0.628019239315911,0.8192857142857143
2019-04-07,2.5,-0.5636047778621552,0.785952380952381
2019-04-08,2.3666666666666667,-0.5648768665487804,0.785952380952381
2019-04-10,2.3,-0.5626830255417598,0.785952380952381
2019-04-11,2.3,-0.5610522672959737,0.785952380952381
2019-04-12,2.2666666666666666,-0.6005792424508504,0.8026190476190477
2019-04-16,2.4,-0.562385865194457,0.7826190476190475
2019-04-17,2.4,-0.5974623522588185,0.7992857142857143
2019-04-27,2.4,-0.5980692725806009,0.7992857142857143
2019-04-28,2.2666666666666666,-0.6142523117292495,0.8059523809523809
2019-05-04,2.1666666666666665,-0.6120093658992223,0.8026190476190476
2019-05-07,2.033333333333333,-0.5797840999989283,0.7692857142857142
2019-05-11,2.0,-0.5799088604677292,0.7692857142857142
2019-05-14,2.2333333333333334,-0.5667209219364894,0.7626190476190475
2019-05-15,2.8666666666666667,-0.5595867108731043,0.7589153439153439
2019-05-16,2.8333333333333335,-0.5544947128920329,0.7422486772486772
2019-05-18,2.7666666666666666,-0.5539742833801679,0.7422486772486772
2019-05-20,2.7666666666666666,-0.55150404636349,0.7422486772486772
2019-05-29,2.933333333333333,-0.5260303979118665,0.7279629629629629
2019-05-30,2.9,-0.5574363892277082,0.7446296296296296
2019-05-31,2.9,-0.5700005839268366,0.752962962962963
2019-06-01,2.8666666666666667,-0.5705237478017807,0.752962962962963
2019-06-02,2.7,-0.5687814603249232,0.752962962962963
2019-06-05,2.533333333333333,-0.5408923405976522,0.7386772486772487
2019-06-09,2.533333333333333,-0.540885513879004,0.7386772486772487
2019-06-11,2.566666666666667,-0.5409500299465088,0.7386772486772487
2019-06-12,2.6333333333333333,-0.5410775719653992,0.7386772486772487
2019-06-13,2.6666666666666665,-0.5761638033957708,0.7553439153439154
2019-06-14,2.7,-0.5759809929700125,0.7553439153439154
2019-06-19,2.7,-0.5116584836017517,0.7220105820105821
2019-06-20,3.0,-0.5085679028557721,0.7220105820105821
2019-06-21,3.2333333333333334,-0.5508512435924439,0.7442328042328042
2019-06-26,3.2333333333333334,-0.5508508581490743,0.7442328042328042
2019-06-30,3.3,-0.5083504735004334,0.7220105820105821
2019-07-01,3.533333333333333,-0.5009626387130646,0.7183068783068782
2019-07-02,3.533333333333333,-0.5009230314266113,0.7183068783068782
2019-07-03,3.4,-0.4736678185633251,0.7049735449735449
2019-07-06,3.4,-0.44106455868198763,0.6883068783068783
2019-07-09,3.4,-0.506464827316148,0.7216402116402116
2019-07-10,3.3666666666666667,-0.5065390122504462,0.7216402116402116
2019-07-12,3.3333333333333335,-0.47486125355675113,0.7049735449735449
2019-07-14,3.3333333333333335,-0.5081778340112596,0.7383068783068782
2019-07-20,3.4,-0.5082558935786051,0.7383068783068782
2019-07-24,3.2,-0.4858787757063669,0.7283068783068782
2019-07-29,2.7,-0.489655652632789,0.732010582010582
2019-07-30,2.7,-0.5227233320380014,0.7653439153439153
2019-08-11,2.7,-0.5185382236942412,0.7653439153439153
2019-08-17,2.7,-0.4547846982781849,0.732010582010582
2019-08-20,2.5,-0.48032994879616636,0.7462962962962962
2019-08-22,2.566666666666667,-0.4359816585646735,0.7240740740740741
2019-08-28,2.5,-0.37388528631793133,0.6907407407407408
2019-08-29,2.5,-0.3739483758476046,0.6907407407407408
2019-09-09,2.566666666666667,-0.3765832846032249,0.6907407407407408
2019-09-10,2.6666666666666665,-0.42920275138484115,0.7174074074074074
2019-09-11,3.3,-0.41447334246502987,0.7107407407407407
2019-09-12,3.3333333333333335,-0.4141378378536967,0.7107407407407407
2019-09-13,3.3666666666666667,-0.4140897557801671,0.7107407407407407
2019-09-14,3.3333333333333335,-0.4454510207639801,0.7274074074074073
2019-09-22,3.3,-0.3789888367719121,0.694074074074074
2019-09-23,3.3333333333333335,-0.4435157592760193,0.7274074074074073
2019-09-24,3.1,-0.4055494454282301,0.7051851851851851
2019-09-27,2.8666666666666667,-0.3633211158050431,0.682962962962963
2019-10-12,2.8666666666666667,-0.3621348979406887,0.682962962962963
2019-10-13,2.966666666666667,-0.38708937290642,0.694074074074074
2019-10-16,2.8333333333333335,-0.36873707734876215,0.6844444444444445
2019-10-21,2.8333333333333335,-0.3680661714408133,0.6844444444444445
2019-11-05,3.033333333333333,-0.418017053523707,0.7082539682539684
2019-11-06,3.4,-0.4503867745359447,0.724920634920635
2019-11-08,3.6666666666666665,-0.44236467502335003,0.7212169312169313
2019-11-10,3.6666666666666665,-0.4423329236290782,0.7212169312169313
2019-11-11,3.7666666666666666,-0.5024127853097448,0.7545502645502646
2019-11-20,3.8333333333333335,-0.48231297587506605,0.7434391534391535
2019-11-22,3.7666666666666666,-0.4746331942262182,0.7434391534391535
2019-11-24,3.933333333333333,-0.48308768847547123,0.7458201058201059
2019-12-04,3.8,-0.4866409192379529,0.7458201058201059
2019-12-05,3.8333333333333335,-0.455773748943827,0.7291534391534392
2019-12-11,3.8333333333333335,-0.4604775508141731,0.7291534391534392
2019-12-12,3.9,-0.4837186442378046,0.7402645502645503
2019-12-13,3.9,-0.483086946265189,0.7402645502645503
2019-12-27,3.8333333333333335,-0.519179371320163,0.7624867724867724
2020-01-22,3.8,-0.5855125619202404,0.7958201058201058
2020-01-23,3.8333333333333335,-0.5839479231069037,0.7958201058201058
2020-01-26,4.166666666666667,-0.5437462476735248,0.7753072853072852
2020-01-27,4.033333333333333,-0.5462162268007729,0.7819739519739518
2020-02-02,3.4,-0.49443114765931495,0.7553072853072853
2020-02-03,3.433333333333333,-0.4640702770993047,0.7386406186406186
2020-02-05,3.3666666666666667,-0.4308371163253916,0.721973951973952
2020-02-21,3.3666666666666667,-0.43080250390817054,0.721973951973952
2020-02-27,3.433333333333333,-0.4752817150796387,0.7441961741961742
2020-03-09,3.4,-0.46661984591135713,0.7441961741961742
2020-03-11,3.4,-0.48309816587417653,0.7553072853072853
2020-03-12,3.3666666666666667,-0.5481955038353734,0.7886406186406186
2020-03-18,3.3666666666666667,-0.549384485368424,0.7886406186406186
2020-03-20,3.2333333333333334,-0.5690226243778996,0.7997517297517298
2020-03-21,3.3,-0.5831606336990216,0.8083231583231584
2020-03-23,3.3,-0.5177847155490736,0.774989824989825
2020-04-01,3.1,-0.5005270327828403,0.7511803011803012
2020-04-02,2.7333333333333334,-0.4343570485644385,0.7178469678469679
2020-04-03,2.533333333333333,-0.4420487482723881,0.7215506715506715
2020-04-12,2.533333333333333,-0.4418458302197148,0.7215506715506715
2020-04-15,2.433333333333333,-0.3759023953852345,0.6882173382173382
2020-05-01,2.433333333333333,-0.3930914576892014,0.6993284493284494
2020-05-03,2.433333333333333,-0.3998686508381323,0.6993284493284494
2020-05-06,2.3,-0.426264116200772,0.7136141636141636
2020-05-11,2.3666666666666667,-0.40389460692766677,0.7025030525030524
2020-05-16,2.4,-0.4349499023950435,0.7191697191697191
2020-05-25,2.8333333333333335,-0.4185314586092701,0.7102808302808302
2020-05-26,2.8,-0.46163051264117194,0.7325030525030525
2020-05-30,2.8,-0.46224244571358,0.7325030525030525
2020-06-03,2.8,-0.4610279216034217,0.7325030525030525
2020-06-21,2.9,-0.43946801890893156,0.7213919413919414
2020-06-22,2.8666666666666667,-0.44080585608843337,0.7213919413919414
2020-06-23,2.5,-0.48100672785251863,0.741904761904762
2020-06-29,2.5,-0.4918643854440205,0.741904761904762
2020-07-03,2.5,-0.5583627603829854,0.7752380952380953
2020-07-08,2.5,-0.5684369839609615,0.7835714285714287
2020-07-16,2.466666666666667,-0.601505305109516,0.8002380952380953
2020-07-17,2.466666666666667,-0.6014436480781389,0.8002380952380953
2020-07-19,2.4,-0.6236123022815538,0.8113492063492064
2020-07-20,2.466666666666667,-0.6317039142761911,0.8113492063492064
2020-07-21,2.533333333333333,-0.631542811001104,0.809126984126984
2020-07-23,2.533333333333333,-0.6309639604933678,0.809126984126984
2020-07-29,2.533333333333333,-0.6309617054509737,0.809126984126984
2020-07-30,2.533333333333333,-0.6312555911190926,0.809126984126984
2020-08-02,2.3666666666666667,-0.607764013244046,0.7972222222222222
2020-08-03,2.3666666666666667,-0.673737873269452,0.8305555555555555
2020-08-04,2.4,-0.6746654993626806,0.8472222222222221
2020-08-12,2.466666666666667,-0.7263316394223107,0.8722222222222221
2020-08-13,2.4,-0.7266553337044186,0.8722222222222221
2020-08-18,2.4,-0.668793640004264,0.8388888888888888
2020-08-24,2.4,-0.7348136817084419,0.8722222222222221
2020-08-25,2.3333333333333335,-0.7375514800018734,0.8722222222222221
2020-09-10,2.3333333333333335,-0.738598898516761,0.8722222222222221
2020-09-15,2.2666666666666666,-0.673272422419654,0.8388888888888888
2020-09-26,2.2,-0.6954346962769826,0.85
2020-09-27,2.1333333333333333,-0.683865560889244,0.85
2020-10-13,1.6666666666666667,-0.7003352924850252,0.8588888888888888
2020-10-14,1.6333333333333333,-0.700427887307273,0.8588888888888888
2020-10-16,1.7,-0.6790624056922065,0.8477777777777777
2020-10-24,1.7,-0.6885446821318733,0.8477777777777777
2020-10-31,1.6,-0.6456605435742272,0.8255555555555555
2020-11-02,1.6,-0.64593366795116,0.8255555555555555
2020-11-09,1.5666666666666667,-0.5794288129938974,0.7922222222222222
2020-11-10,1.6666666666666667,-0.5459875351521704,0.7755555555555556
2020-11-11,1.6666666666666667,-0.5451161748501989,0.7755555555555556
2020-11-14,1.6,-0.5654207141531838,0.7838888888888889
2020-11-16,1.6,-0.5650549105140897,0.7838888888888889
2020-11-17,1.7,-0.5635134628746244,0.7838888888888889
2020-11-18,1.7,-0.5635094196928871,0.7838888888888889
2020-11-25,1.7666666666666666,-0.524727298617363,0.7638888888888888
2020-11-27,1.6333333333333333,-0.4858119398355484,0.7438888888888889
2020-11-29,1.6333333333333333,-0.48639752169450123,0.7438888888888889
2020-11-30,1.7,-0.46412260101901154,0.7327777777777779
2020-12-01,1.7333333333333334,-0.4427069813013077,0.7216666666666668
2020-12-03,1.7,-0.47814935942490894,0.7383333333333334
2020-12-06,1.7,-0.41238650580247244,0.7050000000000001
2020-12-08,1.9666666666666666,-0.4120348266760508,0.7050000000000001
2020-12-09,1.9333333333333333,-0.4047217763463656,0.7022222222222222
2020-12-14,1.9666666666666666,-0.40200669735670086,0.7022222222222222
2020-12-19,1.9666666666666666,-0.4600379444162051,0.7355555555555555
2020-12-20,2.033333333333333,-0.43775588707791435,0.7244444444444444
2020-12-22,2.033333333333333,-0.4317145967152384,0.7244444444444444
2020-12-24,2.033333333333333,-0.43171832001871535,0.7244444444444444
2020-12-26,2.033333333333333,-0.43187743263112177,0.7244444444444444
2020-12-27,2.033333333333333,-0.4315176152851847,0.7244444444444444
2021-01-01,2.033333333333333,-0.44297457771168813,0.7244444444444444
2021-01-05,2.066666666666667,-0.37979804015821883,0.6911111111111111
2021-01-08,2.066666666666667,-0.37976998226510156,0.6911111111111111
2021-01-14,2.0,-0.40000414984093774,0.7022222222222222
2021-01-15,2.033333333333333,-0.3677768691049682,0.6855555555555556
2021-01-18,2.033333333333333,-0.4317931874261962,0.7188888888888889
2021-01-19,2.033333333333333,-0.4319259071018961,0.7188888888888889
2021-01-21,2.066666666666667,-0.4935598377055592,0.7522222222222222
2021-01-24,2.033333333333333,-0.5050615564319823,0.7577777777777778
2021-01-25,2.1,-0.5059602262576421,0.7577777777777778
2021-01-26,2.1333333333333333,-0.46233976271417404,0.7355555555555555
2021-01-29,2.1333333333333333,-0.4629112262196011,0.7355555555555555
2021-01-30,2.066666666666667,-0.4623803614245521,0.7355555555555555
2021-02-02,2.1333333333333333,-0.4201187860965729,0.7133333333333333
2021-02-03,2.0,-0.4594280771414439,0.7333333333333333
2021-02-05,2.0,-0.5230209084351858,0.7666666666666667
2021-02-08,2.1666666666666665,-0.4784185500939687,0.7444444444444446
2021-02-09,2.1666666666666665,-0.49773089475101895,0.7555555555555554
2021-02-10,2.1,-0.5191467469268375,0.7666666666666667
2021-02-12,2.1,-0.5203822538587782,0.7666666666666667
2021-02-15,2.2,-0.5695778777533107,0.7916666666666666
2021-02-19,1.9666666666666666,-0.5368356226219072,0.775
2021-02-20,1.9333333333333333,-0.5183849213851822,0.7694444444444445
2021-02-21,2.0,-0.48806366903914344,0.7527777777777779
2021-02-22,2.066666666666667,-0.4879017530216111,0.7527777777777779
2021-02-23,2.3333333333333335,-0.4734879563101614,0.7457070707070707
2021-02-24,2.3666666666666667,-0.47589579223081313,0.7457070707070707
2021-03-01,2.4,-0.4430077890404547,0.729040404040404
2021-03-02,2.433333333333333,-0.4771918803302928,0.7457070707070707
2021-03-06,2.466666666666667,-0.4446150908717001,0.729040404040404
2021-03-09,2.466666666666667,-0.4447094569453085,0.729040404040404
2021-03-12,2.433333333333333,-0.5077161868262772,0.7623737373737374
2021-03-13,2.433333333333333,-0.5041472613660976,0.7623737373737374
2021-03-14,2.433333333333333,-0.5052781502255285,0.7623737373737374
2021-03-16,2.433333333333333,-0.5370773623236502,0.7790404040404041
2021-03-18,2.433333333333333,-0.5366728017577017,0.7790404040404041
2021-03-21,2.466666666666667,-0.5086122949767594,0.7623737373737374
2021-03-22,2.466666666666667,-0.5132856329131608,0.7623737373737374
2021-03-23,2.4,-0.5352396600625732,0.7734848484848484
2021-03-25,2.3333333333333335,-0.4798005627110751,0.7401515151515151
2021-03-28,2.5,-0.5236278783556875,0.7623737373737374
2021-03-29,2.533333333333333,-0.49043881607821144,0.7457070707070707
2021-03-30,2.5,-0.49261641614407853,0.7457070707070707
2021-03-31,2.5,-0.5280600625220659,0.767929292929293
2021-04-02,2.5,-0.5281214831216855,0.767929292929293
2021-04-03,2.566666666666667,-0.5279898316936747,0.767929292929293
2021-04-08,2.433333333333333,-0.5725569279270426,0.7901515151515152
2021-04-10,2.4,-0.5753539133015994,0.7901515151515152
2021-04-12,2.433333333333333,-0.5753458130303744,0.7901515151515152
2021-04-13,2.5,-0.549930246797905,0.7790404040404041
2021-04-14,2.4,-0.5659545199351566,0.7873737373737375
2021-04-15,2.3333333333333335,-0.6313892122384962,0.8207070707070708
2021-04-16,2.3666666666666667,-0.6718450562434451,0.8373737373737374
2021-04-18,2.6,-0.6927535689152337,0.8479797979797981
2021-04-21,2.533333333333333,-0.692749519773032,0.847979797979798
2021-04-22,2.2,-0.729527715652708,0.8661616161616161
2021-04-23,2.2,-0.7000369745587546,0.8494949494949495
2021-04-24,3.0,-0.7011175476407246,0.8501616161616161
2021-04-25,3.1666666666666665,-0.7147567929294374,0.8573044733044733
2021-04-29,3.2,-0.7469542491568458,0.87397113997114
2021-05-03,3.2,-0.7470205315086577,0.87397113997114
2021-05-05,3.2,-0.7138877300553851,0.8406378066378066
2021-05-06,3.2,-0.7166878390444649,0.8406378066378066
2021-05-07,3.2,-0.7167080847554737,0.8406378066378066
2021-05-08,3.9,-0.6993927277821849,0.8319421544638936
2021-05-09,3.9,-0.6901055075425456,0.8319421544638936
2021-05-10,3.933333333333333,-0.6979933554296908,0.8374977100194491
2021-05-13,3.9,-0.6323153788214143,0.8041643766861157
2021-05-14,3.933333333333333,-0.5995828841492749,0.7874977100194491
2021-05-16,3.933333333333333,-0.6550244584049003,0.8208310433527825
2021-05-17,3.7,-0.5895967923538532,0.7874977100194491
2021-05-18,3.7,-0.5897870215710646,0.7874977100194491
2021-05-19,3.7,-0.5236291103498784,0.7541643766861158
2021-05-22,3.6666666666666665,-0.4975620679991092,0.7374977100194491
2021-05-24,3.7,-0.4653919510977115,0.7208310433527825
2021-05-26,3.6666666666666665,-0.4332487235072566,0.7041643766861158
2021-05-31,3.6666666666666665,-0.4000179717544032,0.6874977100194491
2021-06-01,3.6333333333333333,-0.40001642302704976,0.6874977100194491
2021-06-02,3.6,-0.40003728266589966,0.6874977100194491
2021-06-05,3.533333333333333,-0.42553694906532563,0.6986088211305602
2021-06-07,3.6,-0.3929852859447379,0.6819421544638935
2021-06-08,3.6,-0.3268737173348645,0.6486088211305602
2021-06-09,3.8333333333333335,-0.2980145962859725,0.6337940063157455
2021-06-11,3.6,-0.2451900305177306,0.6065212790430182
2021-06-12,3.6,-0.2454126002217864,0.6065212790430182
2021-06-14,3.6333333333333333,-0.23835960446055085,0.6065212790430182
2021-06-15,3.7,-0.25484834430868775,0.6148546123763515
2021-06-16,2.9,-0.25760359337186167,0.6141879457096848
2021-06-19,2.9,-0.2603313746789913,0.6141879457096848
2021-06-21,2.8666666666666667,-0.19494623701504407,0.5808546123763515
2021-06-25,2.9,-0.1599057908925567,0.5641879457096849
2021-06-26,2.9,-0.19317963084311823,0.5975212790430182
2021-07-06,2.933333333333333,-0.19342853983970026,0.5975212790430182
2021-07-07,2.933333333333333,-0.19101846775145867,0.5975212790430182
2021-07-09,2.2,-0.14727317755499847,0.5728835978835979
2021-07-10,2.2,-0.15734013184983894,0.5728835978835979
2021-07-14,2.1333333333333333,-0.17750672696444092,0.5839947089947091
2021-07-23,2.1666666666666665,-0.24263880151920217,0.6173280423280424
2021-07-31,2.1333333333333333,-0.21236033140036165,0.6006613756613758
2021-08-04,2.1666666666666665,-0.2097639888367325,0.6006613756613758
2021-08-05,2.1666666666666665,-0.274886509760347,0.6339947089947091
2021-08-09,2.2,-0.28522017861484855,0.6395502645502645
2021-08-15,2.2,-0.3513632145035204,0.6728835978835979
2021-08-16,2.1666666666666665,-0.38421397472500174,0.6895502645502646
2021-08-18,2.1333333333333333,-0.4162788695601559,0.7062169312169312
2021-08-19,2.1333333333333333,-0.4140513943143623,0.7062169312169312
2021-08-21,2.1333333333333333,-0.4145681745318509,0.7062169312169312
2021-08-24,2.2,-0.4123722758400377,0.7062169312169312
2021-09-02,2.2,-0.41161867643474903,0.7062169312169312
2021-09-03,2.2,-0.3456462409603533,0.6728835978835979
2021-09-07,2.2666666666666666,-0.32596572682340313,0.6628835978835979
2021-09-10,2.3,-0.3593987916417854,0.6795502645502646
2021-09-11,2.033333333333333,-0.38745532820149076,0.6943650793650793
2021-09-12,2.033333333333333,-0.4522456257494669,0.7276984126984126
2021-09-13,2.033333333333333,-0.41894199341062516,0.6943650793650793
2021-09-14,2.0,-0.3597284008018554,0.661031746031746
2021-09-22,2.066666666666667,-0.34187581131382594,0.6526984126984127
2021-09-27,2.066666666666667,-0.37049377649549453,0.6693650793650793
2021-09-28,2.033333333333333,-0.36386195633146495,0.6677777777777777
2021-09-30,2.1333333333333333,-0.3971938223971261,0.6844444444444444
2021-10-07,2.1,-0.36564115994506413,0.6677777777777777
2021-10-16,2.1333333333333333,-0.364489224685563,0.6677777777777777
2021-10-17,2.1666666666666665,-0.3649500136242973,0.6677777777777777
2021-10-18,2.1666666666666665,-0.3340400819645988,0.6344444444444444
2021-10-20,2.1666666666666665,-0.3300765459405052,0.6344444444444444
2021-10-22,2.3666666666666667,-0.31846842494275834,0.6277777777777778
2021-10-26,2.3666666666666667,-0.25481327897972533,0.5944444444444444
2021-10-27,2.3333333333333335,-0.24137451277838815,0.5944444444444444
2021-10-28,2.3666666666666667,-0.30309673176871404,0.6277777777777778
2021-10-29,2.3666666666666667,-0.2392092846499549,0.5944444444444444
2021-11-02,2.433333333333333,-0.1956393747859531,0.5722222222222222
2021-11-09,2.3666666666666667,-0.15238598810301884,0.55
2021-11-11,2.3666666666666667,-0.15240211910671655,0.55
2021-11-14,2.3666666666666667,-0.09166019982761807,0.5166666666666667
2021-11-15,2.466666666666667,-0.07509287969933616,0.5083333333333333
2021-11-17,2.433333333333333,-0.07636771874295341,0.49166666666666664
2021-11-25,2.4,-0.10905697024530835,0.5083333333333333
2021-11-26,2.3333333333333335,-0.11140384352869458,0.5083333333333333
2021-11-27,2.3333333333333335,-0.11202581998374726,0.5083333333333333
2021-11-30,2.4,-0.15545826365550358,0.5305555555555556
2021-12-02,2.433333333333333,-0.2072366240620613,0.5572222222222222
2021-12-03,2.4,-0.1735640022158623,0.5405555555555555
2021-12-08,2.533333333333333,-0.15362769726249906,0.5294444444444444
2021-12-11,2.433333333333333,-0.08743944727712208,0.4961111111111111
2021-12-12,2.466666666666667,-0.12060040199094349,0.5294444444444444
2021-12-19,2.466666666666667,-0.15378781321975918,0.5294444444444444
2021-12-22,2.3333333333333335,-0.15530970060163074,0.5294444444444444
2021-12-27,2.3,-0.1512348389956686,0.5294444444444444
2021-12-28,2.1333333333333333,-0.17317068871524602,0.5405555555555556
2021-12-29,2.0,-0.2042105316784647,0.5572222222222223
2022-01-01,2.1,-0.22342684663004347,0.5655555555555556
2022-01-06,2.2333333333333334,-0.21268744597832362,0.56
2022-01-10,2.1666666666666665,-0.17945534583595063,0.5266666666666667
2022-01-11,2.1666666666666665,-0.21274775660700268,0.56
2022-01-12,2.1666666666666665,-0.27717104352182814,0.5933333333333334
2022-01-13,1.9666666666666666,-0.2888333411680328,0.6
2022-01-15,2.1,-0.3018242048886087,0.6066666666666667
2022-01-16,2.966666666666667,-0.2914891594243638,0.594320987654321
2022-01-17,3.1666666666666665,-0.28426696048106675,0.5901543209876543
2022-01-19,3.2,-0.32899796882529314,0.6123765432098766
2022-01-20,3.6,-0.33781897597106886,0.616820987654321
2022-01-21,3.6,-0.4032342172919968,0.6501543209876544
2022-01-26,3.7666666666666666,-0.39101715789165026,0.6445987654320988
2022-01-28,3.966666666666667,-0.44174198045827306,0.6731701940035273
2022-02-01,3.8666666666666667,-0.40637322847542523,0.6481701940035273
2022-02-02,3.8666666666666667,-0.4318744320124125,0.6815035273368607
2022-02-09,3.8666666666666667,-0.43180635556079305,0.6815035273368607
2022-02-17,3.9,-0.43169488990800936,0.6815035273368607
2022-02-20,3.933333333333333,-0.43180113320049995,0.6815035273368607
2022-02-26,3.8666666666666667,-0.4543520326531333,0.6926146384479718
2022-02-27,4.3,-0.43004645295943944,0.6803339366935858
2022-02-28,4.3,-0.4400263069868696,0.6803339366935858
2022-03-02,4.133333333333334,-0.46080121750307873,0.6914450478046968
2022-03-07,4.133333333333334,-0.46283774330886995,0.6914450478046968
2022-03-08,4.1,-0.46299868975751396,0.6914450478046968
2022-03-10,4.1,-0.49632367645375725,0.7247783811380302
2022-03-16,4.1,-0.49791028951280114,0.7247783811380302
2022-03-26,4.166666666666667,-0.46021649097077844,0.702556158915808
2022-03-27,4.166666666666667,-0.39386559779120284,0.6692228255824747
2022-03-28,4.166666666666667,-0.3300837780502716,0.6358894922491414
2022-03-29,4.166666666666667,-0.3603119865524053,0.652556158915808
2022-03-30,4.0,-0.3722487034533367,0.6581117144713636
2022-04-03,4.0,-0.40556457063892937,0.691445047804697
2022-04-05,4.066666666666666,-0.38369593773953903,0.6803339366935858
2022-04-08,4.066666666666666,-0.38400938465866236,0.6803339366935858
2022-04-19,4.333333333333333,-0.33240582125281304,0.6544080107676599
2022-04-26,4.233333333333333,-0.351515437333733,0.6644080107676599
2022-04-27,3.5,-0.3271717732909894,0.6517536897800055
2022-04-28,3.3333333333333335,-0.30972256469364723,0.644809245335561
2022-05-09,3.433333333333333,-0.29938028594820787,0.6392536897800055
2022-05-10,2.966666666666667,-0.330362121472449,0.6570314675577833
2022-05-11,3.066666666666667,-0.31428465665349453,0.64869813422445
2022-05-12,3.0,-0.2776132403575952,0.6292536897800055
2022-05-13,2.8333333333333335,-0.287577914784991,0.6340155945419104
2022-05-16,2.8333333333333335,-0.3320751861638261,0.6673489278752437
2022-05-17,2.8333333333333335,-0.3397733088241451,0.6673489278752437
2022-05-22,3.1333333333333333,-0.3290562192506028,0.6606822612085771
2022-05-24,3.2666666666666666,-0.3234347012214958,0.6606822612085771
2022-05-29,3.2666666666666666,-0.2902811563584307,0.6440155945419104
2022-05-31,3.2666666666666666,-0.2269761916570961,0.610682261208577
2022-06-01,2.6666666666666665,-0.25227577913690497,0.622962962962963
2022-06-03,2.6666666666666665,-0.3086504462250957,0.6562962962962964
2022-06-06,2.6666666666666665,-0.30865379203248905,0.6562962962962964
2022-06-07,2.7,-0.3461525969593613,0.672962962962963
2022-06-09,2.7,-0.3461512022106736,0.672962962962963
2022-06-13,2.7333333333333334,-0.31616025297730055,0.6562962962962964
2022-06-14,2.7666666666666666,-0.3042804949371903,0.6507407407407407
2022-06-15,2.7666666666666666,-0.3050456099598496,0.6507407407407407
2022-06-17,2.7666666666666666,-0.3146281751879939,0.6507407407407407
2022-06-19,2.8666666666666667,-0.3602426367887744,0.6757407407407408
2022-06-25,2.7666666666666666,-0.377209918487955,0.6840740740740741
2022-06-29,2.8,-0.37672584731269765,0.6840740740740741
2022-07-03,2.8,-0.37578675030558195,0.6840740740740741
2022-07-13,2.7333333333333334,-0.36436297243392024,0.6618518518518519
2022-07-14,2.7333333333333334,-0.36510412638937983,0.6618518518518519
2022-07-29,2.5,-0.3835414352350765,0.6711111111111112
2022-08-02,2.466666666666667,-0.4151017678115103,0.6877777777777779
2022-08-14,2.3333333333333335,-0.46370412631167307,0.7127777777777778
2022-08-17,2.3333333333333335,-0.4494207361340523,0.7016666666666667
2022-08-23,2.2,-0.48141782903008995,0.7183333333333334
2022-08-29,2.2333333333333334,-0.4856099409196112,0.7183333333333334
2022-09-01,2.1333333333333333,-0.5021246236893866,0.7266666666666667
2022-09-02,2.1,-0.5294893581668536,0.7405555555555556
2022-09-06,2.066666666666667,-0.46927694668372477,0.7072222222222223
2022-09-08,2.066666666666667,-0.47610397328933085,0.7072222222222223
2022-09-10,2.1333333333333333,-0.4760002085566521,0.7072222222222223
2022-09-17,1.9333333333333333,-0.48545321573813754,0.7138888888888889
2022-09-20,1.8,-0.45740710977050997,0.6972222222222223
2022-09-21,1.9,-0.4547718257043097,0.6938888888888889
2022-09-22,1.9666666666666666,-0.5180362128880289,0.7272222222222222
2022-09-27,1.9666666666666666,-0.4848276916808552,0.6938888888888889
2022-09-28,2.0,-0.4848601692583826,0.6938888888888889
2022-09-30,2.066666666666667,-0.46266947524415125,0.6827777777777778
2022-10-01,2.1,-0.44516681734058594,0.6772222222222222
2022-10-02,2.1666666666666665,-0.42279908693499035,0.6661111111111111
2022-10-04,2.2,-0.42735861642493145,0.6716666666666666
2022-10-06,2.1333333333333333,-0.47024501466088825,0.6938888888888889
2022-10-16,2.066666666666667,-0.44920277102126016,0.6827777777777777
2022-10-18,2.066666666666667,-0.5060225040051672,0.716111111111111
2022-10-23,2.033333333333333,-0.4597633595599069,0.691111111111111
2022-10-24,2.033333333333333,-0.4547760601176156,0.691111111111111
2022-10-25,2.033333333333333,-0.45424673312240177,0.691111111111111
2022-10-26,2.1333333333333333,-0.40940010302596624,0.666111111111111
2022-10-27,2.2666666666666666,-0.4178051777018441,0.6861111111111111
2022-10-28,2.3333333333333335,-0.41755895621246764,0.6861111111111111
2022-10-30,2.4,-0.45034185654587217,0.7027777777777777
2022-11-03,2.433333333333333,-0.45006001200940876,0.7027777777777777
2022-11-04,2.466666666666667,-0.4500702222850588,0.7027777777777777
2022-11-05,2.4,-0.4237415983279546,0.6916666666666667
2022-11-06,2.3666666666666667,-0.37173781236012776,0.6583333333333333
2022-11-07,2.3666666666666667,-0.342860947450002,0.6416666666666667
2022-11-24,2.3666666666666667,-0.3288631423314412,0.6416666666666667
2022-11-28,2.3,-0.2920653400156233,0.6194444444444444
2022-12-01,2.3,-0.35220700873268973,0.6527777777777778
2022-12-07,2.3666666666666667,-0.3195867804023954,0.6361111111111111
2022-12-13,2.3333333333333335,-0.3108791984452141,0.6361111111111111
2022-12-18,2.2333333333333334,-0.27895629478825457,0.6027777777777777
2022-12-27,2.466666666666667,-0.29561394054028717,0.611111111111111
2022-12-28,2.7,-0.324467547353771,0.6283333333333334
2022-12-29,2.6666666666666665,-0.3238501631054614,0.6283333333333334
2022-12-30,2.7666666666666666,-0.3216107391152117,0.645
2023-01-01,2.7333333333333334,-0.3216283592416181,0.645
2023-01-03,2.6666666666666665,-0.3105042152437899,0.6227777777777777
2023-01-08,2.6,-0.35477489890323743,0.645
2023-01-18,2.533333333333333,-0.376694829546743,0.656111111111111
2023-01-19,2.5,-0.4013418442176448,0.6672222222222222
2023-01-20,2.533333333333333,-0.4009294426606761,0.6672222222222222
2023-01-21,2.6666666666666665,-0.4098130587902334,0.673888888888889
2023-01-24,2.6666666666666665,-0.3440734032955434,0.6405555555555557
2023-01-25,2.6,-0.41039381764001315,0.673888888888889
2023-01-26,2.6666666666666665,-0.3930051771303018,0.6627777777777778
2023-01-28,2.6333333333333333,-0.3940190044542154,0.6627777777777778
2023-01-30,2.533333333333333,-0.4397684740523497,0.6877777777777777
2023-02-08,2.4,-0.4493488784134388,0.701111111111111
2023-02-17,2.4,-0.43181905569301715,0.69
2023-02-21,2.3333333333333335,-0.3988971692489253,0.6733333333333333
2023-02-22,2.3,-0.3990914068784979,0.6733333333333333
2023-02-23,2.2666666666666666,-0.39925409974323384,0.6733333333333333
2023-02-26,2.3333333333333335,-0.42451910331845283,0.6844444444444444
2023-02-27,2.3333333333333335,-0.47609025393923127,0.7177777777777777
2023-03-01,2.3,-0.5049554601808389,0.7344444444444443
2023-03-02,2.3666666666666667,-0.5021297807991505,0.7233333333333333
2023-03-03,2.3666666666666667,-0.560280372252067,0.7566666666666666
2023-03-04,2.466666666666667,-0.560401510745287,0.7566666666666666
2023-03-06,2.4,-0.5280147319535414,0.74
2023-03-09,2.3666666666666667,-0.5363518899182479,0.74
2023-03-10,2.3666666666666667,-0.569664204667012,0.7733333333333333
2023-03-12,2.1,-0.5867976688345274,0.7816666666666666
2023-03-21,1.7333333333333334,-0.5935924127366808,0.7844444444444444
2023-03-22,1.7,-0.527808927959866,0.7511111111111111
2023-03-23,1.6666666666666667,-0.5629409566190507,0.7677777777777777
2023-03-28,1.6666666666666667,-0.5626743092801836,0.7677777777777777
2023-03-29,1.6666666666666667,-0.5959895367092557,0.801111111111111
2023-03-30,1.6666666666666667,-0.595987476375368,0.801111111111111
2023-04-03,1.6666666666666667,-0.5963349058892992,0.801111111111111
2023-04-11,1.6666666666666667,-0.5637621973620521,0.7844444444444444
2023-04-22,1.6333333333333333,-0.5647023086415397,0.7844444444444444
2023-05-11,1.5333333333333334,-0.5851650006241269,0.7944444444444444
2023-05-24,1.5666666666666667,-0.6509067452616163,0.8277777777777777
2023-05-30,1.5666666666666667,-0.6507710294591057,0.8277777777777777
2023-06-01,1.5,-0.6068746907843484,0.8055555555555556
2023-06-11,1.5,-0.5405895514620676,0.7722222222222223
2023-06-14,1.5666666666666667,-0.5183932135502497,0.7611111111111112
2023-06-15,1.5666666666666667,-0.5337055613597234,0.7611111111111112
2023-06-16,1.5,-0.5514809995889663,0.7722222222222223
2023-06-24,1.5,-0.5181769609451294,0.7555555555555556
2023-06-27,1.5,-0.518098904689153,0.7555555555555556
2023-07-18,1.5,-0.5182292183240255,0.7555555555555556
2023-07-24,1.8,-0.5415020080076324,0.7694444444444445
2023-07-28,1.8,-0.5420260341631041,0.7694444444444445
2023-07-29,1.8,-0.5420262964235412,0.7694444444444445
2023-08-01,1.7333333333333334,-0.5589866033858722,0.7805555555555556
2023-08-02,2.0,-0.5586143962211079,0.7805555555555556
2023-08-09,1.9333333333333333,-0.5332148950960901,0.763888888888889
2023-08-11,2.1,-0.5983901591764555,0.7972222222222223
2023-08-13,2.1333333333333333,-0.5988944333460595,0.7972222222222223
2023-08-15,2.1333333333333333,-0.5326631507939762,0.763888888888889
2023-08-16,2.1666666666666665,-0.5326288662023014,0.763888888888889
2023-08-18,2.1666666666666665,-0.5327342392669784,0.763888888888889
2023-08-21,2.1666666666666665,-0.5988446634676721,0.7972222222222223
2023-08-24,2.1,-0.5991152824627028,0.7972222222222223
2023-08-25,2.1,-0.5330330353644158,0.763888888888889
2023-08-28,2.1,-0.5330371639794774,0.763888888888889
2023-09-08,2.1666666666666665,-0.5084782648417685,0.7527777777777778
2023-09-10,2.1666666666666665,-0.5085455028547181,0.7527777777777778
2023-09-11,2.2,-0.4755519398384624,0.736111111111111
2023-09-13,2.433333333333333,-0.44997323238187364,0.7236111111111111
2023-09-14,2.5,-0.4495322543713781,0.7236111111111111
2023-09-21,2.466666666666667,-0.4495363064938121,0.7236111111111111
2023-09-22,2.466666666666667,-0.4495519467526012,0.7236111111111111
2023-09-26,2.5,-0.515849880211883,0.7569444444444444
2023-10-09,2.5,-0.5821385302477412,0.7902777777777777
2023-10-14,2.433333333333333,-0.6043239585227436,0.8013888888888888
2023-10-15,2.8333333333333335,-0.5556671606551887,0.7757478632478632
2023-10-16,2.8666666666666667,-0.5224028554609698,0.7590811965811965
2023-10-23,2.8333333333333335,-0.5280167984019997,0.7590811965811965
2023-10-24,2.8666666666666667,-0.5231012212287667,0.7590811965811965
2023-10-25,2.9,-0.48867370754989803,0.7424145299145299
2023-10-26,2.533333333333333,-0.44023323874188286,0.7174145299145299
2023-11-03,2.566666666666667,-0.4398379635861796,0.7174145299145299
2023-11-04,2.6666666666666665,-0.3785345049750092,0.6840811965811966
2023-11-05,2.6666666666666665,-0.3723157000592631,0.6840811965811966
2023-11-08,2.4,-0.37269931555303754,0.6840811965811966
2023-11-17,2.433333333333333,-0.3671139401248377,0.6840811965811966
2023-11-18,2.3,-0.36755632281812844,0.6840811965811966
2023-11-19,2.8,-0.3669134680831654,0.6840811965811966
2023-11-20,6.766666666666667,-0.42049881032942577,0.7109173547732869
2023-11-21,9.933333333333334,-0.39101850995957843,0.6955916842752026
2023-11-22,12.9,-0.3621484435287448,0.680925017608536
2023-11-23,14.9,-0.34407701107350347,0.6715682924623372
2023-11-24,17.833333333333332,-0.31710743239084527,0.6575120675627387
2023-11-25,18.033333333333335,-0.35634348442713065,0.6775120675627387
2023-11-26,18.2,-0.3452667115518747,0.6719565120071832
2023-11-27,18.2,-0.3524572364213697,0.6719565120071832
2023-11-28,18.7,-0.32506494787560225,0.6580676231182944
2023-11-29,18.733333333333334,-0.37511793143775385,0.6830676231182944
2023-11-30,18.5,-0.4006406919879349,0.6955676231182945
2023-12-02,18.466666666666665,-0.4313399675875205,0.7122342897849611
2023-12-05,18.466666666666665,-0.43120485776556516,0.7122342897849611
2023-12-06,18.5,-0.3981066925713716,0.6955676231182945
2023-12-22,18.466666666666665,-0.3979834788431027,0.6955676231182945
2023-12-23,18.466666666666665,-0.3322036875674425,0.662234289784961
2023-12-24,18.466666666666665,-0.332010220824609,0.662234289784961
2024-01-01,18.1,-0.380538080931175,0.6878753154259868
2024-01-06,18.066666666666666,-0.4044193891688866,0.7045419820926533
2024-01-08,18.1,-0.4653627274438424,0.7378753154259866
2024-01-10,18.066666666666666,-0.4078910309080961,0.7045419820926533
2024-01-11,18.033333333333335,-0.37819650352047707,0.6878753154259866
2024-01-12,18.1,-0.4008557337527158,0.6989864265370976
2024-01-15,18.1,-0.3652589080735726,0.6823197598704311
2024-01-19,18.0,-0.3605335909132841,0.6823197598704311
2024-02-05,18.0,-0.3009772378210905,0.6489864265370978
2024-02-13,18.1,-0.28463381509032676,0.6406530932037645
2024-02-15,18.033333333333335,-0.31556441366719035,0.6573197598704311
2024-02-18,18.1,-0.27402823017749683,0.635097537648209
2024-02-19,17.6,-0.2744158429223705,0.635097537648209
2024-02-20,13.666666666666666,-0.25705697790173165,0.6249280461227852
2024-02-21,10.533333333333333,-0.2670212552714976,0.6291426055097583
2024-02-22,7.866666666666666,-0.2674804553976511,0.6289944573616102
2024-02-23,6.066666666666666,-0.2744921854167632,0.6327956269522534
2024-02-25,3.1666666666666665,-0.2684771427732927,0.6301851851851852
2024-02-26,2.966666666666667,-0.2954686519724351,0.6435185185185186
2024-02-27,2.8666666666666667,-0.28394930600016205,0.637962962962963
2024-03-06,2.8,-0.30010024149108816,0.649074074074074
2024-03-17,2.4,-0.29980695931999773,0.6462962962962963
2024-03-25,2.3,-0.31606311787057806,0.6546296296296297
2024-04-03,2.3333333333333335,-0.28287664442150684,0.637962962962963
2024-04-04,2.2666666666666666,-0.2827041677854679,0.637962962962963
2024-04-11,2.3,-0.27702042383176306,0.637962962962963
2024-04-20,2.2666666666666666,-0.3081223897359989,0.6546296296296297
2024-04-21,2.3,-0.3083616487405918,0.6546296296296297
2024-04-27,2.3666666666666667,-0.35192746376549755,0.6768518518518518
2024-04-30,2.466666666666667,-0.3518018380359367,0.6768518518518518
2024-05-04,2.466666666666667,-0.31877102311010713,0.6601851851851851
2024-05-05,2.533333333333333,-0.2973060057119087,0.6435185185185185
2024-05-13,2.533333333333333,-0.2652001048679705,0.6268518518518518
2024-05-16,2.533333333333333,-0.32396323338702876,0.6601851851851851
2024-05-21,2.6333333333333333,-0.371195090368942,0.6851851851851851
2024-05-22,2.8333333333333335,-0.38728679738662863,0.6925925925925926
2024-05-24,2.8,-0.42324378512523797,0.7092592592592593
2024-05-26,2.8,-0.4891502998493336,0.7425925925925926
2024-06-13,2.8,-0.48857460242730605,0.7425925925925926
2024-06-17,2.7,-0.4403539699536783,0.7175925925925927
2024-07-03,2.7666666666666666,-0.4180874250553273,0.7064814814814816
2024-07-14,2.6666666666666665,-0.40050146138226544,0.6953703703703703
2024-07-21,2.6333333333333333,-0.38869227921521227,0.6953703703703705
2024-07-22,2.6,-0.41770520762160973,0.7120370370370371
2024-07-26,2.6333333333333333,-0.4205429281349536,0.7148148148148149
2024-07-28,2.3666666666666667,-0.4159815063079198,0.712962962962963
2024-07-29,2.1666666666666665,-0.4173052350680033,0.7185185185185186
2024-07-31,2.1333333333333333,-0.4504394859075546,0.7351851851851853
2024-08-07,2.1333333333333333,-0.3839835196733475,0.701851851851852
2024-08-15,2.066666666666667,-0.4065806319316228,0.712962962962963
2024-08-19,2.066666666666667,-0.34178884923458097,0.6796296296296297
2024-08-20,1.9666666666666666,-0.36951300998528797,0.6962962962962963
2024-08-29,1.9666666666666666,-0.3362295577923457,0.662962962962963
2024-09-22,1.9333333333333333,-0.3694970577955246,0.6796296296296297
2024-09-23,1.9666666666666666,-0.372376083334287,0.6796296296296297
2024-09-30,1.9333333333333333,-0.3780740131934484,0.6796296296296297
2024-10-02,1.9666666666666666,-0.38006600439548494,0.6796296296296297
2024-10-04,1.9333333333333333,-0.37996478378772736,0.6796296296296297
2024-10-05,2.0,-0.36094114588366616,0.6707407407407407
2024-10-06,2.033333333333333,-0.361138393746482,0.6707407407407407
2024-10-07,2.1,-0.3938486787345674,0.6874074074074075
2024-10-12,2.033333333333333,-0.42468633380201126,0.7040740740740741
2024-10-21,2.0,-0.3942229194111294,0.6874074074074075
2024-10-29,2.066666666666667,-0.35409870571560326,0.6651851851851852
2024-10-31,2.033333333333333,-0.3491171740161048,0.6624074074074074
2024-11-09,1.7666666666666666,-0.31035870472590127,0.6438888888888888
2024-11-10,1.8666666666666667,-0.3102580993705325,0.6438888888888888
2024-11-15,1.9333333333333333,-0.2896732260121239,0.6327777777777778
2024-11-20,1.9333333333333333,-0.3227029352717929,0.6327777777777778
2024-11-21,1.9333333333333333,-0.3874019175105624,0.6661111111111111
2024-11-27,1.9333333333333333,-0.4096619959672292,0.6772222222222222
2024-12-01,2.0,-0.46827301343282063,0.7105555555555555
2024-12-02,2.0,-0.47972418626149493,0.7105555555555555
2024-12-05,2.1,-0.46082908819119134,0.7022222222222222
2024-12-09,2.0,-0.47745749165614443,0.7105555555555555
2024-12-13,2.1,-0.4839268351594607,0.7138888888888888
2024-12-15,2.1,-0.49400479048490525,0.7138888888888888
2024-12-18,2.1,-0.4940055772662163,0.7138888888888888
2024-12-19,2.1,-0.49410422494014106,0.7138888888888888
2024-12-20,2.1666666666666665,-0.4938242572877142,0.7138888888888888
2025-01-02,2.2,-0.5594401457243495,0.7472222222222221
2025-01-05,2.2,-0.5012302933467759,0.7138888888888888
2025-01-11,2.2,-0.5344271519117885,0.7472222222222221
2025-01-18,2.2333333333333334,-0.5011468269758754,0.7305555555555555
2025-01-19,2.2666666666666666,-0.47883147183391783,0.7194444444444444
2025-01-26,2.3666666666666667,-0.4788187492224905,0.7194444444444444
2025-01-27,2.4,-0.4787701999147733,0.7194444444444444
2025-01-28,2.4,-0.4258510823051135,0.6861111111111111
2025-02-15,2.2666666666666666,-0.4337655356526375,0.6727777777777778
2025-03-03,2.1333333333333333,-0.4337772249182065,0.6727777777777778
2025-03-08,2.066666666666667,-0.43399569878975547,0.6727777777777778
2025-03-10,2.066666666666667,-0.36852877626816427,0.6394444444444445
2025-03-11,2.066666666666667,-0.4264212776223818,0.6727777777777778
2025-03-12,2.0,-0.4702420362830162,0.6950000000000001
2025-03-13,1.9666666666666666,-0.4920133629441261,0.7061111111111111
2025-03-19,1.9666666666666666,-0.5575235167145729,0.7394444444444445
2025-04-07,1.8666666666666667,-0.557662499513891,0.7394444444444445
2025-04-08,1.8,-0.5782309180166987,0.7505555555555555
2025-04-09,1.8666666666666667,-0.6110022325317065,0.7838888888888889
2025-04-14,1.8666666666666667,-0.5777048686146736,0.7505555555555555
2025-04-18,1.8,-0.5444806846314005,0.7172222222222222
2025-04-19,1.7333333333333334,-0.5449534209900432,0.7172222222222222
2025-04-22,1.7666666666666666,-0.5456553560826514,0.7172222222222222
2025-04-25,1.8,-0.5278132966491911,0.7055555555555555
2025-04-29,1.9333333333333333,-0.5142072315348519,0.6988888888888888
2025-04-30,1.8,-0.5405868124299579,0.7122222222222222
2025-05-05,1.8,-0.5405414672030343,0.7122222222222222
2025-05-13,1.8,-0.5404466501209471,0.7122222222222222
2025-05-16,1.8,-0.6052814256482654,0.7455555555555555
2025-05-20,1.7333333333333334,-0.5925032116969428,0.7455555555555555
2025-05-22,1.7,-0.592745695312818,0.7455555555555555
2025-05-24,1.7,-0.6509491461515428,0.7788888888888889
2025-05-25,1.8666666666666667,-0.6504621861378352,0.7788888888888889
2025-06-09,1.8333333333333333,-0.6835822182893754,0.7955555555555556
2025-06-13,1.7666666666666666,-0.6415727931261064,0.7733333333333333
2025-06-25,1.6666666666666667,-0.6416742293039959,0.7733333333333333
2025-07-06,1.6,-0.5864266774389478,0.74
2025-07-07,1.6,-0.6393342675103082,0.7733333333333333
2025-07-16,1.6,-0.6060488106144799,0.7733333333333333
2025-07-18,1.6,-0.6060345114601983,0.7733333333333333
2025-07-26,1.7333333333333334,-0.5735969137483173,0.7566666666666666
2025-07-29,1.7333333333333334,-0.6390371115340127,0.7899999999999999
2025-08-25,1.8666666666666667,-0.6159293400579029,0.7766666666666667
2025-08-26,1.8666666666666667,-0.5506106066041523,0.7433333333333334
2025-09-05,1.8333333333333333,-0.5173922198348575,0.7100000000000001
2025-09-15,1.8333333333333333,-0.5183072763019138,0.7100000000000001
2025-09-16,1.8333333333333333,-0.45424678100479976,0.6766666666666666
2025-09-23,1.9,-0.4325663106971317,0.6655555555555555
2025-09-24,1.9333333333333333,-0.3997949961821238,0.6322222222222221
2025-09-25,1.9666666666666666,-0.40289645731449125,0.6488888888888888
2025-10-10,2.066666666666667,-0.43461907496054963,0.6822222222222222
2025-10-12,2.1333333333333333,-0.4012902378042539,0.6655555555555555
2025-10-14,2.1333333333333333,-0.36692409902811046,0.6488888888888888
2025-10-19,2.0,-0.3385646437605222,0.6355555555555555
2025-10-20,1.9333333333333333,-0.35211619049310683,0.6422222222222221
2025-10-21,2.1333333333333333,-0.33321010891880304,0.6326984126984126
2025-10-23,2.1333333333333333,-0.26787159467027294,0.5993650793650793
2025-10-28,2.1666666666666665,-0.2679083210655621,0.5993650793650793
2025-10-31,2.2,-0.23619536682253794,0.5826984126984127
2025-11-01,2.2333333333333334,-0.21630764727081572,0.566031746031746
2025-11-03,2.2666666666666666,-0.21630036159640267,0.566031746031746
2025-11-06,2.2666666666666666,-0.2146726064313026,0.566031746031746
2025-11-11,2.1,-0.15452599847600576,0.5326984126984127
2025-11-12,2.1,-0.08952308420624053,0.49936507936507935
2025-11-13,2.1,-0.08853112980013804,0.49936507936507935
2025-11-17,2.1,-0.022464260700203124,0.466031746031746
2025-11-18,2.3,-0.06856541302942094,0.4946031746031746
2025-11-22,2.3666666666666667,-0.045572882233157995,0.4834920634920635
2025-11-23,2.433333333333333,-0.11162164807792693,0.5168253968253969
2025-11-26,2.466666666666667,-0.1082725375938037,0.5168253968253969
2025-12-01,2.3,-0.14091762106096933,0.5334920634920636
2025-12-13,2.3,-0.14095747073964468,0.5334920634920636
2025-12-17,2.2,-0.16856332858876577,0.5468253968253969
2025-12-18,2.2333333333333334,-0.23395763377821635,0.5801587301587302
2025-12-25,2.2333333333333334,-0.26018290659264914,0.6134920634920635
